[
null,
{"id":1,"atypeId":5,"description":"","etypeId":2,"traits":[{"code":22,"dataId":1,"value":0}],"iconIndex":128,"name":"Shield","note":"","params":[0,0,0,10,0,0,0,0],"price":300},
{"id":2,"atypeId":1,"description":"","etypeId":3,"traits":[{"code":22,"dataId":1,"value":0}],"iconIndex":130,"name":"Hat","note":"","params":[0,0,0,10,0,0,0,0],"price":300},
{"id":3,"atypeId":1,"description":"","etypeId":4,"traits":[{"code":22,"dataId":1,"value":0}],"iconIndex":135,"name":"Cloth","note":"","params":[0,0,0,10,0,0,0,0],"price":300},
{"id":4,"atypeId":2,"description":"The ring's dark, ebon metal is set with a single, pulsing gemstone that glows with an inner light, reflecting the movements of the celestial bodies in the sky. ","etypeId":5,"traits":[{"code":22,"dataId":1,"value":0}],"iconIndex":145,"name":"Ring of the Eclipse","note":"enables debuff skill","params":[0,0,0,0,10,0,0,0],"price":0},
{"id":5,"atypeId":2,"description":"Woven from the finest celestial silks, it shimmers with an otherworldly glow that embodies the power of the dream world.","etypeId":4,"traits":[{"code":22,"dataId":1,"value":0}],"iconIndex":139,"name":"Dreamweaver's Mantle","note":"","params":[0,0,0,0,0,0,0,0],"price":0},
{"id":6,"atypeId":2,"description":"The intricate patterns etched upon its surface are said to be a map of the stars themselves, revealing the secrets of the universe to those who can decipher its secrets.","etypeId":5,"traits":[{"code":22,"dataId":1,"value":0}],"iconIndex":146,"name":"Starlight Amulet","note":"enables Starfall skill","params":[0,0,0,0,0,0,0,0],"price":0},
{"id":7,"atypeId":2,"description":"It is said that the aurora itself came down from the heavens and imbued the tiara with its power, making it a direct link between the wearer and the sky gods.","etypeId":3,"traits":[{"code":22,"dataId":1,"value":0}],"iconIndex":134,"name":"Aurora's Halo","note":"enables buff skill","params":[20,40,0,0,2,4,0,0],"price":0}
]