[
null,
{"id":1,"list":[{"code":355,"indent":0,"parameters":["Scene_Map.prototype.isMenuCalled = function() {"]},{"code":655,"indent":0,"parameters":["    return Input.isTriggered('menu');"]},{"code":655,"indent":0,"parameters":["};"]},{"code":0,"indent":0,"parameters":[]}],"name":"","switchId":5,"trigger":2},
{"id":2,"list":[{"code":0,"indent":0,"parameters":[]}],"name":"","switchId":1,"trigger":0},
{"id":3,"list":[{"code":0,"indent":0,"parameters":[]}],"name":"","switchId":1,"trigger":0},
{"id":4,"list":[{"code":0,"indent":0,"parameters":[]}],"name":"","switchId":1,"trigger":0}
]