[{"type":"Text","Value":"Collected: ${$gameVariables.value(1)}","Condition":"$gameSwitches.value(4)","Layer":"0","Font":"GameFont","Max Width":"250","Align":"right","Font Size":"40","Text Color":"#ffffff","Text Alpha":"255","Outline Color":"#000000","Outline Alpha":"127","animateInfo":{"x":{"spd":0,"loop":false,"min":0,"max":0},"y":{"spd":0,"loop":false,"min":0,"max":0},"s":{"spd":0,"loop":false,"min":1,"max":1},"r":{"spd":0,"loop":false,"min":0,"max":0}},"id":1,"x":671,"y":46},{"type":"Text","Value":"Brewed: ${$gameVariables.value(2)}","Condition":"$gameSwitches.value(6)","Layer":"0","Font":"GameFont","Max Width":"250","Align":"right","Font Size":"40","Text Color":"#ffffff","Text Alpha":"255","Outline Color":"#000000","Outline Alpha":"127","animateInfo":{"x":{"spd":0,"loop":false,"min":0,"max":0},"y":{"spd":0,"loop":false,"min":0,"max":0},"s":{"spd":0,"loop":false,"min":1,"max":1},"r":{"spd":0,"loop":false,"min":0,"max":0}},"id":2,"x":671,"y":46},{"type":"Text","Value":"Score: ${$gameVariables.value(14)}","Condition":"$gameSwitches.value(11)","Layer":"0","Font":"GameFont","Max Width":"250","Align":"left","Font Size":"40","Text Color":"#ffffff","Text Alpha":"255","Outline Color":"#000000","Outline Alpha":"127","animateInfo":{"x":{"spd":0,"loop":false,"min":0,"max":0},"y":{"spd":0,"loop":false,"min":0,"max":0},"s":{"spd":0,"loop":false,"min":1,"max":1},"r":{"spd":0,"loop":false,"min":0,"max":0}},"id":3,"x":248,"y":46},{"type":"Text","Value":"Deaths: ${$gameParty.gold()}","Condition":"$gameSwitches.value(12)","Layer":"0","Font":"GameFont","Max Width":"250","Align":"left","Font Size":"40","Text Color":"#ffffff","Text Alpha":"255","Outline Color":"#000000","Outline Alpha":"127","animateInfo":{"x":{"spd":0,"loop":false,"min":0,"max":0},"y":{"spd":0,"loop":false,"min":0,"max":0},"s":{"spd":0,"loop":false,"min":1,"max":1},"r":{"spd":0,"loop":false,"min":0,"max":0}},"id":5,"x":250,"y":46}]