[
null,
{"id":1,"expanded":true,"name":"INTRO","order":1,"parentId":0,"scrollX":1165.5,"scrollY":717},
{"id":2,"expanded":false,"name":"STAGE_01","order":4,"parentId":0,"scrollX":1022.6666666666666,"scrollY":1130.6666666666667},
{"id":3,"expanded":false,"name":"STAGE_02","order":5,"parentId":0,"scrollX":1022.6666666666666,"scrollY":629.3333333333334},
{"id":4,"expanded":false,"name":"WAIT","order":2,"parentId":1,"scrollX":1162.5,"scrollY":708},
{"id":5,"expanded":false,"name":"MAP005","order":3,"parentId":1,"scrollX":1162.5,"scrollY":708},
{"id":6,"expanded":false,"name":"STAGE_BONUS","order":6,"parentId":0,"scrollX":1150.5,"scrollY":732}
]